Region Type,$/Ton Pollutant,Total Pollutants Removed (kg)
Coastal,92.90414414414415,559439.5024009009
Industrial,88.53770408163265,524622.4576530613
Smog Belt,91.5592972972973,528723.2773837838
Tropical Forest Edge,91.20661458333332,550137.6629270833
Urban Dense,90.944,497869.8784
